Subject,Grade 11,March,June,September,Final
English,44,51,56,50,58
Isizulu,11,20,25,25,33
Math_Lit,52,57,49,44,36
Math_Lit,25,15,16,11,8
English,51,57,52,54,62
LO,23,13,23,13,19
Isizulu,10,3,2,0,0
Physical Sciences,27,19,15,20,13
Physical Sciences,22,24,30,33,36
Mathematics,12,22,17,12,4
English,19,17,7,3,10
Math_Lit,30,35,44,44,42
Life Science,33,34,25,35,28
English,95,95,97,88,91
Math_Lit,59,61,53,63,55
Life Science,32,28,24,19,27
Isizulu,93,83,85,82,79
English,7,3,0,0,0
Mathematics,56,56,53,46,41
LO,0,0,7,0,5
Mathematics,23,29,29,29,36
Math_Lit,23,26,16,26,28
English,48,49,43,43,53
Physical Sciences,4,0,6,1,3
English,65,55,49,58,61
LO,97,100,100,100,97
English,33,23,31,32,40
Isizulu,34,44,49,46,39
LO,68,77,71,61,64
LO,29,38,42,47,46
English,27,27,26,29,38
LO,72,78,68,68,78
English,88,90,90,99,89
Physical Sciences,8,9,16,6,8
LO,93,92,88,82,82
Math_Lit,91,89,97,96,100
Physical Sciences,55,62,57,58,49
LO,74,77,80,85,93
Mathematics,32,22,18,13,5
Mathematics,42,42,34,35,35
Isizulu,4,7,13,21,21
Isizulu,31,39,30,22,26
Isizulu,19,26,36,44,50
Life Science,34,35,40,32,22
Physical Sciences,29,24,18,16,15
English,43,44,39,39,48
Isizulu,59,63,72,79,69
Mathematics,31,32,22,29,32
Life Science,26,26,29,29,27
Isizulu,44,37,35,44,42
English,97,100,96,87,93
Mathematics,93,85,93,93,95
Isizulu,99,100,94,92,89
Life Science,54,51,51,45,50
Life Science,21,22,17,26,26
Life Science,74,82,77,83,78
Mathematics,34,40,48,38,38
LO,82,89,83,81,87
Life Science,49,48,49,59,59
LO,30,36,37,30,20
English,72,68,64,74,65
Mathematics,9,5,0,0,10
Mathematics,89,85,82,91,90
Mathematics,23,29,20,24,32
Math_Lit,91,86,82,85,87
Mathematics,82,84,74,72,68
Life Science,99,93,89,83,75
LO,63,54,61,63,64
Math_Lit,79,71,74,78,84
LO,18,16,22,22,17
Physical Sciences,87,77,73,74,79
Math_Lit,20,11,2,0,0
English,14,4,1,0,8
English,9,8,16,25,16
LO,40,37,29,33,32
Life Science,42,41,45,36,32
English,5,0,0,2,0
Life Science,79,80,70,60,59
Isizulu,97,99,91,90,80
LO,57,51,58,60,70
Physical Sciences,35,29,21,11,8
Physical Sciences,64,57,60,57,67
Life Science,1,8,1,3,1
Math_Lit,99,100,100,97,100
Mathematics,70,66,74,83,80
Isizulu,94,92,94,84,83
LO,57,65,73,78,68
Math_Lit,69,67,68,70,71
Physical Sciences,48,54,61,51,55
Math_Lit,1,11,14,21,23
Isizulu,98,96,88,83,87
Physical Sciences,91,92,94,94,96
English,99,99,100,100,100
Mathematics,76,82,85,83,87
English,78,71,76,71,77
Life Science,15,22,12,6,2
Life Science,47,52,51,55,51
Physical Sciences,73,75,67,77,69
English,97,93,84,90,82
Math_Lit,84,82,86,91,94
English,69,74,69,73,77
Isizulu,10,13,18,28,20
Math_Lit,76,78,84,84,77
LO,21,23,29,35,45
Physical Sciences,14,24,22,24,26
Life Science,39,30,27,37,41
English,66,65,64,68,70
Isizulu,25,26,27,36,33
Isizulu,7,2,0,1,0
English,77,68,67,75,79
Physical Sciences,95,97,91,98,100
Physical Sciences,38,41,45,49,54
Isizulu,16,11,1,11,11
Physical Sciences,45,36,27,17,9
English,49,56,65,57,51
Isizulu,54,55,52,50,44
English,11,1,0,0,0
English,45,49,58,58,54
Physical Sciences,97,100,95,91,100
LO,6,8,9,0,0
LO,27,34,33,27,27
English,94,94,88,97,98
Physical Sciences,25,16,17,23,14
Mathematics,47,44,34,30,29
Isizulu,90,89,86,93,97
Physical Sciences,92,93,95,98,99
Isizulu,13,13,15,14,15
Isizulu,95,100,100,100,100
Mathematics,76,85,78,74,83
Isizulu,95,93,92,85,92
Math_Lit,59,64,67,67,76
Math_Lit,13,4,0,0,3
Mathematics,31,25,20,23,30
English,64,54,64,55,60
LO,12,21,14,19,27
Isizulu,59,52,57,66,68
English,12,12,7,4,14
Math_Lit,69,70,78,74,72
Math_Lit,37,35,36,44,45
Mathematics,4,0,0,2,0
Life Science,56,65,70,73,76
Physical Sciences,78,76,66,74,68
Mathematics,79,73,80,72,74
Isizulu,14,11,4,0,0
Mathematics,7,15,25,33,28
LO,93,88,83,83,79
LO,38,34,39,35,42
Math_Lit,30,27,32,25,35
Math_Lit,90,89,83,85,77
English,6,8,0,0,10
English,56,55,53,48,45
Math_Lit,55,58,58,68,71
Physical Sciences,74,82,74,81,91
English,92,98,88,92,98
Physical Sciences,77,80,77,70,65
Life Science,58,66,65,58,63
Physical Sciences,11,14,15,6,0
LO,89,88,93,94,98
LO,27,20,16,25,16
Mathematics,85,87,85,94,99
Math_Lit,15,16,24,15,21
Math_Lit,35,29,31,30,20
Mathematics,18,9,19,20,25
English,39,48,56,53,55
Isizulu,4,14,20,28,36
Life Science,61,69,63,70,61
English,18,26,22,17,24
Isizulu,28,35,43,40,47
Mathematics,60,61,66,70,80
Physical Sciences,90,97,87,92,82
Physical Sciences,37,29,26,36,46
Mathematics,72,62,66,60,61
Math_Lit,29,35,40,40,35
Life Science,49,43,46,56,59
Math_Lit,70,80,90,94,100
English,16,17,11,6,6
Life Science,80,84,81,74,82
Isizulu,67,71,78,82,92
Physical Sciences,12,2,2,10,11
Mathematics,36,28,38,28,20
Mathematics,19,28,35,42,49
Life Science,22,22,27,25,28
Isizulu,48,53,47,54,46
English,85,89,99,97,97
Mathematics,91,93,92,85,86
Mathematics,64,69,70,70,77
Isizulu,82,86,78,71,62
Physical Sciences,10,4,3,4,7
LO,13,6,10,6,0
Mathematics,70,71,73,81,77
Isizulu,21,25,22,31,26
English,90,81,82,92,89
Isizulu,65,57,62,59,58
English,14,24,18,15,20
English,30,32,29,35,29
Isizulu,43,43,36,31,40
Physical Sciences,1,5,3,1,5
Isizulu,84,86,87,93,95
LO,75,67,73,69,59
English,41,37,42,36,40
Isizulu,83,79,73,64,55
LO,89,96,98,90,83
English,55,65,68,66,68
Physical Sciences,67,61,59,49,53
Physical Sciences,49,52,46,36,28
Physical Sciences,51,49,40,30,21
English,80,88,94,100,91
LO,25,34,33,26,23
Life Science,83,86,96,100,95
Physical Sciences,4,7,7,5,0
English,99,100,94,85,81
LO,67,61,70,74,80
Life Science,60,69,72,79,83
Isizulu,46,47,38,41,36
Math_Lit,26,17,9,2,0
Physical Sciences,25,15,20,26,20
Isizulu,47,53,57,54,57
LO,19,9,8,17,11
Mathematics,2,0,3,6,5
Isizulu,26,24,31,26,30
English,75,81,88,84,85
Life Science,36,45,44,35,31
English,21,17,24,30,39
English,47,39,31,39,46
Isizulu,12,10,18,24,14
Isizulu,45,35,33,34,35
English,47,37,34,24,29
Life Science,37,37,45,45,51
Mathematics,66,64,66,69,68
LO,1,0,0,0,3
Math_Lit,55,52,48,42,48
Life Science,94,93,90,83,80
Math_Lit,18,15,24,26,22
Math_Lit,2,5,1,1,0
English,67,77,81,71,77
Mathematics,35,45,45,41,39
Isizulu,0,9,4,0,2
English,25,20,13,5,0
Life Science,33,35,42,41,51
Math_Lit,24,31,30,39,47
English,32,38,38,47,45
Life Science,44,42,52,58,65
Mathematics,91,98,88,91,98
Physical Sciences,78,87,84,80,80
LO,53,47,39,32,36
Math_Lit,84,78,79,81,77
Math_Lit,4,11,7,0,3
Isizulu,54,50,44,38,31
Life Science,40,49,44,46,43
Math_Lit,99,100,100,94,95
Life Science,62,52,59,64,65
English,16,13,17,22,15
Mathematics,9,13,15,24,27
Math_Lit,15,13,3,11,17
Isizulu,96,99,89,85,81
Isizulu,47,47,38,31,25
English,2,0,2,1,5
Math_Lit,11,15,7,7,13
Mathematics,53,60,61,55,53
LO,2,0,0,0,0
Mathematics,39,46,49,50,43
English,86,84,85,89,97
English,2,0,10,7,0
English,2,0,0,8,16
LO,11,4,0,2,3
LO,91,85,76,83,92
Mathematics,21,18,17,22,12
LO,13,23,23,29,21
Mathematics,51,59,67,75,66
Mathematics,26,21,11,6,5
Mathematics,8,0,0,0,7
LO,79,75,66,64,56
English,62,64,68,61,62
Mathematics,97,100,90,90,89
English,21,31,41,33,30
Physical Sciences,84,89,86,83,81
Life Science,87,77,71,76,80
Mathematics,15,11,14,21,30
English,48,52,61,64,63
LO,39,33,36,28,28
Mathematics,91,82,89,81,75
Life Science,23,29,34,35,25
English,96,100,100,96,91
Math_Lit,45,35,33,35,28
Mathematics,59,53,56,50,49
English,76,66,76,68,68
Physical Sciences,3,10,2,10,7
Math_Lit,99,94,100,90,87
LO,56,65,56,60,58
LO,82,80,87,94,100
Physical Sciences,48,47,50,51,59
Life Science,17,10,20,23,30
Physical Sciences,15,15,21,27,18
Mathematics,51,44,50,51,61
Mathematics,14,9,6,0,0
Isizulu,57,60,64,59,63
Physical Sciences,93,100,100,95,97
Mathematics,11,9,1,0,9
Isizulu,77,67,75,77,71
LO,33,39,47,47,42
Math_Lit,69,65,57,57,52
Isizulu,96,86,93,85,94
English,19,24,19,24,17
Mathematics,30,28,20,11,3
English,37,32,33,33,36
Mathematics,83,77,77,79,75
LO,88,88,88,85,82
Isizulu,27,24,24,18,22
LO,27,21,21,11,5
LO,22,31,40,45,41
Physical Sciences,83,92,98,99,100
English,7,12,7,10,20
Math_Lit,11,5,5,4,13
Isizulu,30,24,26,27,35
Life Science,30,26,18,25,17
Isizulu,22,26,26,17,26
LO,48,57,47,52,49
Math_Lit,92,92,90,95,96
Life Science,63,58,57,61,71
Math_Lit,48,41,44,50,43
LO,50,42,40,34,24
Math_Lit,84,80,90,94,85
LO,89,99,93,96,100
LO,99,91,94,100,100
Isizulu,66,61,52,51,50
Mathematics,87,84,82,89,92
Math_Lit,32,41,34,26,25
Physical Sciences,5,7,10,16,14
LO,85,77,70,76,83
Mathematics,34,32,30,31,28
Math_Lit,69,73,67,57,67
Mathematics,22,21,21,15,21
Isizulu,72,82,79,69,72
Isizulu,3,4,0,0,8
Physical Sciences,52,50,43,49,44
English,86,95,88,88,98
Math_Lit,24,27,25,35,30
Mathematics,82,84,75,81,89
English,44,39,37,31,25
English,27,25,17,21,21
Life Science,62,72,76,84,81
Isizulu,35,40,32,22,15
Math_Lit,98,97,97,88,93
Isizulu,12,19,14,16,16
Life Science,78,71,75,70,70
Math_Lit,46,56,55,62,63
Mathematics,85,95,89,81,76
Life Science,41,45,51,60,59
Math_Lit,59,56,47,47,55
Life Science,21,31,39,35,34
Isizulu,60,63,58,56,50
Physical Sciences,59,53,58,59,68
Physical Sciences,95,98,90,80,90
Isizulu,63,73,79,79,73
Math_Lit,14,21,30,33,41
Mathematics,93,94,100,100,100
Mathematics,80,88,89,83,81
Math_Lit,64,61,55,65,74
Life Science,26,34,35,28,27
LO,94,94,89,84,94
Math_Lit,83,85,90,80,70
Math_Lit,60,50,56,52,47
Physical Sciences,95,94,90,96,100
Mathematics,53,60,66,71,79
English,59,49,48,46,48
Life Science,81,86,77,70,70
Math_Lit,80,80,90,97,98
Life Science,68,74,67,59,52
English,60,60,68,59,67
Math_Lit,37,35,42,39,34
Life Science,32,36,32,35,37
Mathematics,56,62,66,73,65
Physical Sciences,75,67,59,67,59
Life Science,85,91,84,76,82
Mathematics,80,71,61,71,74
Isizulu,73,72,81,90,97
Life Science,86,86,81,83,87
LO,5,9,13,18,9
Math_Lit,48,56,46,54,52
Life Science,45,46,39,49,47
Mathematics,52,42,34,39,35
LO,52,62,57,65,67
Physical Sciences,27,19,15,22,23
Physical Sciences,20,11,12,20,23
Mathematics,61,66,56,66,66
LO,77,70,71,63,65
Isizulu,74,77,83,79,86
Mathematics,3,11,16,13,8
Isizulu,16,25,17,18,26
English,38,39,30,40,46
LO,25,21,21,26,28
English,34,27,17,17,23
Isizulu,10,19,18,11,2
LO,51,54,59,64,69
English,62,62,67,75,81
LO,83,87,86,87,83
Isizulu,72,70,65,67,58
Math_Lit,40,40,43,38,38
English,33,38,44,39,49
Math_Lit,3,0,0,0,5
Isizulu,55,59,68,75,79
Life Science,47,50,47,46,52
LO,26,34,27,27,29
Isizulu,26,17,19,23,33
Physical Sciences,28,32,38,32,35
LO,79,86,91,81,86
LO,66,69,76,67,66
Physical Sciences,39,38,48,58,63
Isizulu,65,74,68,67,68
Mathematics,19,18,8,6,1
English,76,67,75,67,65
Math_Lit,15,19,18,20,12
LO,52,56,62,70,79
Math_Lit,31,38,44,34,33
English,98,91,100,100,97
Math_Lit,53,47,45,43,45
Life Science,54,55,54,61,66
Mathematics,5,2,4,2,4
Mathematics,37,32,23,25,27
Physical Sciences,13,17,7,17,23
Mathematics,87,86,76,79,85
English,3,9,13,18,18
Physical Sciences,62,62,52,52,50
LO,11,19,21,19,29
English,95,85,86,80,86
LO,82,78,76,72,66
Life Science,64,61,51,42,51
Life Science,18,21,17,27,32
Math_Lit,67,67,63,66,61
English,79,87,82,82,85
Life Science,97,94,94,100,94
LO,88,92,87,84,81
English,24,34,40,40,32
LO,81,76,68,68,76
English,59,57,67,69,63
Mathematics,41,44,48,38,46
Math_Lit,2,1,0,1,0
Mathematics,80,90,96,99,94
Mathematics,48,38,44,43,41
Mathematics,27,32,42,48,56
LO,73,79,73,63,53
Physical Sciences,48,48,43,48,39
English,69,79,89,89,88
LO,29,28,21,29,39
Math_Lit,52,59,61,57,60
Isizulu,24,31,24,33,25
Math_Lit,77,86,76,79,87
Math_Lit,98,94,95,94,100
LO,97,100,100,99,93
Physical Sciences,90,84,80,75,82
LO,24,23,20,29,24
Physical Sciences,81,79,84,79,73
Physical Sciences,39,48,53,53,43
Mathematics,72,82,92,91,91
Isizulu,56,49,43,53,46
Math_Lit,59,52,55,57,58
LO,90,92,86,90,81
Physical Sciences,11,3,2,5,4
Isizulu,77,73,77,86,77
LO,49,53,47,46,49
Mathematics,15,23,32,30,37
English,79,77,75,68,58
Isizulu,13,14,5,2,0
Mathematics,9,12,10,10,12
LO,88,78,84,81,80
English,9,10,16,22,15
LO,42,39,34,41,44
LO,33,29,22,22,12
Isizulu,67,76,67,72,81
Physical Sciences,62,62,68,78,88
LO,63,62,65,71,74
Math_Lit,63,65,55,64,65
English,62,58,68,73,82
English,92,83,74,78,80
English,51,56,55,47,37
LO,75,71,68,67,62
LO,27,21,15,10,10
Math_Lit,21,12,21,25,28
Physical Sciences,46,40,36,26,33
Physical Sciences,83,89,94,97,100
English,23,15,13,5,5
Isizulu,91,85,94,84,85
English,50,51,58,49,59
Math_Lit,6,13,4,12,3
Mathematics,37,42,52,58,54
LO,26,34,29,27,17
LO,83,75,67,61,58
Isizulu,44,47,37,37,32
Math_Lit,84,85,85,75,75
English,49,41,31,27,37
LO,83,84,82,85,89
Physical Sciences,65,63,56,61,55
Life Science,67,62,59,67,60
English,98,100,97,91,84
Isizulu,69,77,68,63,54
Physical Sciences,91,97,93,97,98
Mathematics,45,38,32,36,39
Mathematics,1,0,0,0,2
Physical Sciences,28,29,25,21,17
LO,82,76,70,80,89
English,58,54,63,69,66
LO,20,27,28,37,38
LO,56,55,59,51,45
Mathematics,54,44,47,50,46
Life Science,65,69,62,54,47
LO,64,66,75,69,66
Physical Sciences,21,31,24,15,10
English,46,47,53,57,65
Math_Lit,82,88,89,88,86
Isizulu,96,97,87,96,100
Isizulu,60,65,67,69,62
English,95,87,82,78,73
Life Science,99,100,98,92,82
English,53,57,53,43,45
LO,20,10,9,1,10
Math_Lit,99,100,100,94,100
Mathematics,92,89,94,100,97
English,74,70,61,55,64
Life Science,3,1,1,2,9
English,2,0,9,3,0
Physical Sciences,56,53,56,63,57
LO,94,87,80,81,83
Mathematics,84,77,79,83,93
Mathematics,11,5,6,14,18
Life Science,9,5,11,21,21
Physical Sciences,12,19,16,7,0
Mathematics,12,3,4,9,13
Life Science,33,39,45,37,37
Isizulu,87,94,87,96,98
Isizulu,43,51,42,43,40
Isizulu,90,95,97,100,100
English,61,64,63,55,49
Mathematics,47,48,53,58,56
LO,37,34,28,32,28
Life Science,61,68,70,65,55
English,19,19,24,28,35
Physical Sciences,29,31,37,36,31
English,6,6,0,5,0
Isizulu,86,87,80,83,88
Isizulu,27,32,36,38,48
Life Science,97,90,95,99,95
Physical Sciences,60,55,62,63,62
Physical Sciences,83,78,77,70,65
Physical Sciences,27,26,20,22,27
Physical Sciences,83,92,90,85,81
LO,56,51,45,41,36
LO,47,47,38,40,48
Mathematics,79,89,91,89,88
LO,99,100,91,89,80
Life Science,51,56,60,63,71
Math_Lit,40,34,44,35,32
Isizulu,12,21,30,36,29
Math_Lit,33,33,26,32,25
English,97,100,100,93,100
English,51,50,59,58,51
Life Science,57,50,53,46,42
Life Science,24,26,23,32,42
English,59,63,58,54,51
Math_Lit,81,81,82,91,92
Mathematics,53,61,67,62,55
English,21,15,8,0,5
Math_Lit,59,62,67,65,70
Math_Lit,23,20,15,20,21
Life Science,59,49,39,46,42
Isizulu,36,42,37,47,53
Life Science,31,31,25,16,23
Mathematics,35,27,32,25,21
Mathematics,0,0,8,10,11
Physical Sciences,86,77,80,81,71
LO,47,52,59,53,53
LO,37,36,30,39,29
English,20,21,21,17,27
LO,57,59,58,64,71
Math_Lit,74,81,85,79,71
Physical Sciences,42,39,38,44,42
Life Science,28,20,16,17,13
LO,92,94,87,84,81
LO,0,9,6,8,15
Mathematics,93,100,97,100,100
Mathematics,96,100,97,87,79
Life Science,16,7,17,24,16
Physical Sciences,71,69,76,86,82
Mathematics,18,18,21,29,20
Life Science,35,30,40,41,33
Isizulu,86,95,95,87,95
Isizulu,89,88,88,92,94
English,65,71,65,63,61
LO,47,51,55,48,50
English,85,90,82,76,80
English,60,56,57,56,62
Life Science,55,61,60,63,61
Math_Lit,25,16,13,14,15
Life Science,19,12,2,10,13
Physical Sciences,39,32,26,25,17
English,78,69,69,66,61
Mathematics,70,65,70,69,77
Physical Sciences,41,46,46,51,41
LO,75,66,76,84,93
Mathematics,29,19,19,14,20
Isizulu,69,64,68,74,81
Mathematics,57,52,59,63,55
Math_Lit,47,48,45,48,38
Life Science,66,66,71,81,73
Math_Lit,28,29,37,46,47
Math_Lit,99,95,100,97,97
English,26,19,14,15,20
English,59,59,58,65,62
Mathematics,48,42,49,42,36
Physical Sciences,44,53,53,46,55
Isizulu,82,92,97,100,96
Physical Sciences,78,84,85,89,99
English,57,61,68,76,68
Math_Lit,9,14,12,15,18
Isizulu,40,39,34,42,35
English,52,52,61,56,57
LO,28,31,36,39,41
Math_Lit,65,75,71,61,51
Physical Sciences,54,45,37,36,32
Mathematics,42,38,45,54,55
Physical Sciences,71,69,65,72,73
English,54,53,60,60,59
LO,60,58,55,45,50
Math_Lit,41,44,49,57,61
Math_Lit,8,13,12,12,17
English,19,22,24,30,32
English,80,77,78,77,76
Life Science,86,86,95,88,88
LO,76,73,72,76,82
Mathematics,61,51,56,66,57
LO,21,20,12,10,11
Physical Sciences,38,36,31,39,38
Isizulu,54,44,36,35,40
English,92,92,92,85,80
Physical Sciences,99,94,93,91,95
Life Science,53,49,43,34,30
Isizulu,73,66,60,66,71
LO,65,63,62,56,62
Physical Sciences,42,42,42,51,52
Math_Lit,73,73,76,82,76
Math_Lit,6,0,0,0,8
Life Science,74,67,57,48,40
English,40,39,49,40,37
Mathematics,71,74,73,72,79
Mathematics,82,84,82,88,97
LO,24,27,23,18,27
Math_Lit,22,14,9,17,15
Life Science,29,33,32,22,17
Physical Sciences,48,46,44,42,40
LO,60,58,61,68,58
Mathematics,71,80,77,84,83
Math_Lit,76,69,63,73,76
Math_Lit,6,0,2,3,0
Physical Sciences,49,43,47,41,36
Math_Lit,47,48,56,53,46
Isizulu,12,3,6,3,7
English,38,28,36,27,30
Physical Sciences,95,100,100,100,100
LO,62,58,53,43,33
Life Science,92,88,90,94,90
Math_Lit,37,43,37,27,37
Math_Lit,54,51,43,51,58
LO,79,72,69,64,68
Life Science,96,86,84,91,100
Mathematics,41,46,36,38,39
Isizulu,37,33,23,13,17
LO,66,64,71,75,85
Math_Lit,63,67,64,66,59
LO,26,36,39,36,30
LO,24,15,22,29,21
Life Science,37,46,45,36,34
LO,35,45,43,43,33
Isizulu,38,28,36,44,49
Math_Lit,8,18,11,13,9
English,23,19,28,32,30
LO,24,18,24,28,28
Isizulu,1,1,0,0,0
Physical Sciences,40,37,31,28,38
Math_Lit,10,18,8,6,2
Math_Lit,74,77,80,71,68
LO,94,100,97,100,100
LO,77,74,84,93,98
Mathematics,9,19,12,22,23
Mathematics,99,100,100,91,91
Math_Lit,62,52,51,57,57
Life Science,2,0,7,6,8
Math_Lit,79,74,82,72,79
Life Science,72,65,59,53,50
Physical Sciences,39,48,48,51,60
Mathematics,37,28,29,21,18
Isizulu,48,51,56,54,52
English,53,59,55,51,53
Life Science,5,15,12,6,14
Math_Lit,32,36,38,43,36
Life Science,63,68,59,55,47
Mathematics,92,96,91,94,85
Physical Sciences,22,19,16,14,22
Mathematics,26,26,19,21,23
English,61,52,53,58,62
English,73,71,70,66,73
English,77,81,76,75,71
Isizulu,10,0,0,0,0
LO,96,100,100,100,96
English,37,44,40,41,36
Life Science,73,78,84,81,76
Physical Sciences,18,10,13,13,22
LO,62,54,63,53,61
Math_Lit,21,12,11,16,11
Physical Sciences,48,52,57,51,59
Mathematics,66,72,66,75,73
English,18,26,24,32,38
English,89,99,100,93,97
Physical Sciences,77,75,83,93,86
Isizulu,11,3,12,17,10
Life Science,55,60,61,60,53
Physical Sciences,61,58,58,59,61
Life Science,58,56,53,50,49
Mathematics,60,55,54,57,49
Life Science,12,2,2,1,5
English,12,7,12,11,14
Life Science,93,86,78,77,81
Mathematics,88,90,94,84,89
Isizulu,49,45,45,46,39
Life Science,78,73,76,69,70
Mathematics,49,56,61,54,58
English,79,76,75,82,90
English,79,70,80,77,68
Math_Lit,29,35,31,36,44
Physical Sciences,92,83,76,82,91
LO,92,94,84,84,74
Mathematics,73,72,78,85,76
Physical Sciences,56,65,56,50,46
English,82,83,77,70,63
Isizulu,77,87,89,85,88
English,22,17,23,21,16
Math_Lit,74,64,59,51,61
English,86,92,97,100,100
Physical Sciences,20,20,21,24,18
Life Science,59,62,68,61,69
English,23,26,21,30,20
Math_Lit,7,12,18,10,11
LO,9,7,1,7,5
Physical Sciences,17,11,8,10,1
Physical Sciences,99,100,96,86,87
LO,77,84,76,69,63
Isizulu,48,42,37,44,53
Life Science,3,2,0,0,0
Mathematics,5,5,0,9,16
Isizulu,92,96,100,100,98
Mathematics,76,73,79,73,78
LO,96,90,97,100,94
Life Science,21,16,18,12,11
Math_Lit,15,16,26,33,35
Math_Lit,21,25,15,23,25
LO,47,46,55,47,38
Mathematics,68,67,70,76,70
Math_Lit,30,21,18,8,14
Math_Lit,30,25,33,23,21
Math_Lit,95,100,100,99,100
Physical Sciences,53,51,45,50,46
LO,67,75,73,83,78
Mathematics,44,35,31,28,32
Isizulu,79,72,82,78,77
Mathematics,32,23,30,34,28
Life Science,25,17,22,15,25
English,73,75,78,82,79
Mathematics,10,20,15,10,15
Math_Lit,54,62,63,59,56
Math_Lit,61,70,80,82,88
Isizulu,95,88,81,73,63
Life Science,50,49,59,66,68
English,66,62,52,48,38
LO,74,79,85,90,100
English,38,43,52,51,61
Life Science,51,60,60,67,66
Physical Sciences,69,78,86,95,100
Physical Sciences,60,66,63,53,46
Math_Lit,56,50,54,62,53
Isizulu,53,47,44,38,44
English,92,98,100,100,100
Mathematics,93,90,99,95,87
Physical Sciences,84,77,74,78,75
LO,91,85,79,82,91
Life Science,63,57,57,67,65
Physical Sciences,74,70,69,66,70
Mathematics,27,23,22,25,33
Isizulu,30,26,27,20,19
Isizulu,25,34,28,31,33
English,29,39,34,33,43
Physical Sciences,10,15,9,8,5
English,8,0,8,13,7
Physical Sciences,83,78,76,86,88
Isizulu,85,85,89,94,99
Mathematics,77,80,72,77,86
Isizulu,23,16,6,0,0
Life Science,59,55,45,46,37
LO,1,0,0,2,4
English,34,35,36,36,43
Math_Lit,68,65,74,81,78
Physical Sciences,44,47,54,49,42
Isizulu,7,7,6,10,13
Physical Sciences,20,28,35,31,30
Math_Lit,63,63,55,57,52
LO,37,47,50,45,39
Math_Lit,34,25,16,26,22
Physical Sciences,22,23,31,40,32
English,90,95,100,97,93
Math_Lit,7,2,0,0,0
English,97,96,100,93,89
English,99,100,99,100,98
Isizulu,22,18,12,19,12
LO,46,52,42,51,60
Math_Lit,30,32,24,17,9
Physical Sciences,96,100,94,97,95
LO,87,93,89,97,96
Mathematics,21,24,33,41,41
Physical Sciences,36,28,38,31,27
Physical Sciences,67,59,69,62,54
Life Science,56,59,68,59,61
LO,38,48,58,58,59
Physical Sciences,69,75,82,87,83
Mathematics,91,92,93,89,95
LO,44,36,26,25,30
Life Science,49,39,49,41,47
Math_Lit,7,13,8,16,13
Isizulu,14,18,19,12,3
Math_Lit,48,58,50,59,52
Life Science,61,54,45,47,38
Mathematics,10,15,14,14,9
Isizulu,66,60,66,71,61
Isizulu,7,1,0,0,2
Physical Sciences,39,38,28,19,20
Life Science,84,77,81,75,73
English,27,33,31,29,21
Isizulu,47,41,50,60,70
LO,8,4,0,0,5
Physical Sciences,64,59,67,62,66
Isizulu,30,36,28,19,22
English,28,19,15,25,24
Physical Sciences,69,70,71,66,64
Isizulu,25,21,13,21,20
Life Science,13,13,5,13,6
LO,54,49,51,47,51
Physical Sciences,15,7,1,8,16
English,43,44,39,34,28
Mathematics,21,24,23,30,27
Isizulu,20,30,25,28,36
Isizulu,42,51,55,46,43
Mathematics,2,0,8,11,20
Math_Lit,60,65,62,52,54
Life Science,70,66,65,65,67
English,76,74,75,72,74
Mathematics,45,41,31,26,34
Life Science,33,31,34,35,26
LO,33,29,28,24,16
Physical Sciences,7,14,20,18,18
Math_Lit,35,34,27,20,12
Math_Lit,77,87,95,100,90
Math_Lit,49,40,33,23,27
Physical Sciences,70,61,55,46,39
Life Science,40,30,32,37,41
English,90,100,92,83,88
English,82,85,85,92,89
Isizulu,23,13,16,22,17
Physical Sciences,43,52,60,61,71
Mathematics,56,49,43,46,43
English,23,28,24,21,26
Physical Sciences,32,36,39,41,41
English,64,56,50,45,48
English,22,12,16,24,34
Mathematics,59,65,70,79,72
Isizulu,42,41,33,37,29
LO,62,56,53,61,62
Isizulu,92,85,95,100,93
LO,70,66,67,69,68
Isizulu,90,98,97,100,100
Isizulu,35,43,45,49,53
Physical Sciences,7,0,10,9,9
Mathematics,2,0,0,10,5
Mathematics,56,65,55,52,53
Mathematics,23,23,26,35,28
Physical Sciences,58,59,52,56,61
Isizulu,94,94,93,87,80
LO,63,69,71,61,58
Math_Lit,43,47,38,48,39
Mathematics,34,44,44,52,46
Mathematics,99,100,93,85,85
Life Science,15,15,16,12,15
Mathematics,54,45,53,62,70
Physical Sciences,95,92,87,92,100
Physical Sciences,70,61,66,75,73
Life Science,87,88,91,87,93
English,59,61,62,67,63
Isizulu,96,90,86,86,82
Life Science,0,0,0,0,7
English,58,54,62,64,61
Isizulu,7,13,9,16,24
Isizulu,30,28,22,32,28
LO,3,6,8,10,0
Physical Sciences,63,56,49,50,56
Mathematics,56,62,72,68,76
Mathematics,95,95,100,91,94
English,67,72,66,60,64
Math_Lit,36,32,22,26,26
Life Science,40,48,44,39,42
Physical Sciences,34,37,45,42,47
LO,87,93,97,94,96
Life Science,8,15,22,15,8
LO,12,21,12,12,4
Life Science,4,8,0,10,15
English,5,0,0,0,10
LO,38,36,41,40,32
Mathematics,23,13,11,11,17
Math_Lit,82,85,93,91,82
Mathematics,99,96,98,97,91
Math_Lit,83,92,98,99,95
Life Science,87,83,87,93,99
Mathematics,69,74,72,63,66
Math_Lit,95,93,100,97,98
English,37,46,43,45,49
Isizulu,91,100,100,95,100
LO,36,45,46,53,57
Life Science,70,74,82,76,68
Physical Sciences,31,32,38,48,38
English,3,0,0,0,0
Mathematics,12,3,7,11,8
Isizulu,7,16,10,18,14
Mathematics,10,8,9,8,0
LO,70,78,72,66,64
LO,58,66,66,67,75
Life Science,73,79,81,79,85
LO,44,47,50,46,50
English,9,7,17,7,7
LO,74,77,78,86,87
Mathematics,72,64,59,58,65
Physical Sciences,96,88,96,98,92
Physical Sciences,99,97,100,94,93
Isizulu,92,89,83,87,87
English,15,18,28,34,40
Life Science,3,0,10,12,22
Physical Sciences,95,95,90,86,85
LO,47,46,48,57,61
Isizulu,31,40,50,45,48
English,43,51,44,50,45
LO,48,48,38,48,41
Math_Lit,67,73,77,82,81
Physical Sciences,32,28,28,21,27
Math_Lit,71,73,65,64,55
LO,0,9,13,5,9
Physical Sciences,8,6,9,13,15
LO,9,10,2,11,9
Isizulu,56,58,59,56,61
Mathematics,46,47,47,54,48
Math_Lit,20,26,18,20,28
Isizulu,88,84,93,83,89
English,73,81,77,85,79
Math_Lit,27,33,23,16,14
Life Science,26,20,27,18,24
Mathematics,67,68,63,69,74
Isizulu,44,45,48,55,53
Life Science,20,18,25,25,22
Life Science,95,96,94,94,94
Physical Sciences,49,58,52,52,55
Physical Sciences,55,54,62,64,56
Math_Lit,35,44,45,38,42
Math_Lit,99,100,94,100,100
LO,85,85,88,81,90
Physical Sciences,95,97,87,86,76
Mathematics,22,13,21,17,21
LO,61,57,61,51,59
Physical Sciences,59,63,55,56,55
LO,71,72,66,67,58
Physical Sciences,30,34,42,39,29
Life Science,58,60,56,50,45
Isizulu,32,34,44,53,43
Isizulu,30,28,32,31,33
Math_Lit,60,54,52,51,61
LO,37,32,42,37,44
Math_Lit,24,17,26,26,25
Physical Sciences,49,57,60,56,64
LO,21,22,29,26,16
Isizulu,28,18,13,8,17
Mathematics,78,87,84,94,98
LO,97,100,100,100,94
LO,61,71,70,70,69
Isizulu,59,58,55,52,50
Physical Sciences,98,97,100,100,100
English,18,24,25,18,19
English,54,49,45,50,59
Mathematics,94,96,97,95,90
English,93,90,89,81,71
Life Science,18,14,22,15,19
Life Science,53,50,57,61,64
LO,18,18,24,23,21
LO,83,77,73,70,65
Math_Lit,27,21,28,36,27
Math_Lit,24,19,13,10,5
Physical Sciences,45,41,31,39,42
Mathematics,43,53,63,70,78
English,55,48,55,57,52
Isizulu,25,31,39,44,48
Physical Sciences,65,74,66,74,84
Life Science,22,27,34,33,24
English,79,88,97,89,85
Physical Sciences,29,35,27,24,19
Mathematics,5,10,9,14,24
Physical Sciences,35,29,31,21,24
English,21,16,25,20,29
Isizulu,30,25,35,34,38
Physical Sciences,39,34,26,21,23
Physical Sciences,45,54,54,46,47
LO,81,79,77,68,63
English,11,2,7,9,10
English,25,24,25,26,23
Physical Sciences,80,81,82,87,90
LO,14,6,0,2,6
LO,14,10,15,10,0
Life Science,96,87,82,83,80
Life Science,82,83,81,81,87
Life Science,8,3,6,0,10
LO,60,53,63,53,60
English,12,4,9,17,10
Isizulu,94,98,100,90,88
Life Science,37,39,44,35,34
Mathematics,5,5,11,4,3
English,81,78,82,80,90
Life Science,61,55,54,50,56
Isizulu,35,40,42,42,49
Life Science,82,88,84,74,83
Mathematics,62,62,60,53,47
LO,95,85,94,99,100
Life Science,96,90,87,85,95
Life Science,94,100,93,89,97
Life Science,84,81,84,85,90
Mathematics,77,82,73,66,68
Mathematics,20,10,20,30,23
Isizulu,51,48,41,45,41
Physical Sciences,33,39,44,49,45
Mathematics,48,45,43,46,54
Math_Lit,69,64,74,77,78
LO,8,4,7,0,10
LO,26,28,27,30,20
Life Science,10,9,0,0,1
Life Science,6,16,19,10,8
Life Science,97,100,96,93,96
Physical Sciences,54,58,64,54,60
LO,73,77,83,81,88
Physical Sciences,29,31,26,20,25
Life Science,44,42,48,44,43
LO,26,24,32,34,28
Physical Sciences,75,77,75,75,72
Isizulu,13,6,7,2,10
Physical Sciences,7,16,25,19,10
Mathematics,57,60,50,50,55
Life Science,33,41,31,37,32
Mathematics,20,14,12,19,9
Math_Lit,77,71,65,61,59
Mathematics,9,6,4,0,0
Math_Lit,47,51,61,70,78
Isizulu,98,100,100,97,87
Physical Sciences,82,85,87,89,82
LO,27,20,27,20,17
Math_Lit,52,47,48,54,57
Mathematics,25,15,5,0,0
Physical Sciences,87,93,88,88,89
Life Science,25,25,25,19,10
Mathematics,89,82,84,92,88
Math_Lit,47,51,57,60,67
Physical Sciences,76,66,67,65,73
LO,84,78,69,79,84
English,95,88,88,78,74
Mathematics,90,89,97,89,84
Physical Sciences,68,69,79,87,89
LO,17,19,13,4,0
English,10,15,5,0,9
LO,3,10,15,13,16
Isizulu,46,46,56,46,53
Physical Sciences,48,58,49,58,52
English,32,25,30,25,16
English,74,81,71,62,55
Math_Lit,47,49,55,58,55
English,90,93,100,100,95
Life Science,23,17,21,25,21
Math_Lit,60,58,57,48,49
Life Science,32,29,38,46,44
Isizulu,92,100,100,97,88
Isizulu,42,48,48,47,53
Life Science,27,27,24,31,33
Isizulu,5,3,4,0,6
Math_Lit,63,63,71,67,64
English,63,60,61,56,54
LO,27,30,23,29,23
Mathematics,28,28,32,22,16
Math_Lit,0,0,3,6,0
Isizulu,23,14,13,3,1
Physical Sciences,47,43,47,40,44
Math_Lit,0,3,3,4,6
Physical Sciences,4,0,0,0,0
Math_Lit,72,71,74,70,68
Life Science,62,60,63,56,47
English,21,17,12,8,0
LO,1,0,0,4,11
LO,77,71,62,59,49
Isizulu,15,19,17,16,26
Mathematics,50,54,48,38,32
Isizulu,18,8,2,0,0
Math_Lit,17,26,17,20,13
Physical Sciences,43,48,45,43,36
Isizulu,75,71,69,75,65
Math_Lit,96,98,100,100,96
Life Science,62,66,71,62,57
Life Science,37,44,53,53,45
Isizulu,34,24,31,25,22
Life Science,19,9,8,0,9
Isizulu,41,41,38,28,35
LO,54,59,55,47,54
Isizulu,31,37,29,26,21
Math_Lit,9,1,7,2,5
LO,74,70,60,67,67
LO,52,47,38,34,27
LO,48,42,34,43,49
Physical Sciences,36,28,24,23,17
Life Science,94,100,100,91,88
Math_Lit,24,32,40,37,27
Isizulu,4,9,15,16,9
Math_Lit,80,88,95,100,100
LO,34,32,23,18,15
Mathematics,76,74,71,71,64
Physical Sciences,72,75,80,88,95
Isizulu,41,48,49,40,41
Life Science,81,76,73,68,66
Life Science,48,45,41,38,39
Physical Sciences,12,19,10,13,19
Isizulu,29,20,17,13,18
Mathematics,18,15,9,14,24
Life Science,75,66,65,56,62
Mathematics,43,41,34,40,49
Physical Sciences,43,48,52,46,45
Mathematics,34,34,30,33,28
Isizulu,39,33,34,26,23
Isizulu,44,35,43,33,42
English,65,75,80,85,85
Isizulu,28,28,38,33,29
Life Science,96,93,98,100,99
LO,15,16,10,3,0
Life Science,80,89,98,100,99
Math_Lit,39,44,47,45,44
Physical Sciences,70,66,56,53,52
Mathematics,45,53,51,45,35
English,42,50,52,43,39
Mathematics,24,21,22,32,41
Mathematics,45,55,64,70,72
Math_Lit,62,56,55,46,41
Mathematics,75,85,82,86,78
English,36,36,33,42,35
Mathematics,61,55,64,56,48
Mathematics,97,100,100,94,100
Math_Lit,78,68,73,75,72
Mathematics,68,69,61,53,54
LO,5,10,7,14,8
Math_Lit,73,83,75,80,82
Life Science,68,67,66,67,60
Isizulu,22,12,5,0,0
English,20,22,20,10,5
LO,6,11,10,6,11
English,79,83,91,87,88
Life Science,76,86,93,95,100
LO,53,51,54,45,40
Math_Lit,54,64,58,64,63
Isizulu,36,39,46,37,41
Physical Sciences,97,100,90,91,90
Life Science,2,0,0,1,0
Life Science,58,48,58,53,49
Math_Lit,22,32,28,30,38
Math_Lit,17,26,22,18,8
LO,30,25,21,16,18
Mathematics,71,77,77,70,64
Mathematics,88,81,75,80,70
LO,74,76,84,93,87
LO,41,33,26,21,26
Mathematics,49,49,56,48,54
Math_Lit,39,39,36,30,26
Mathematics,81,71,71,80,88
Math_Lit,25,27,25,21,19
Isizulu,74,78,77,84,84
Isizulu,57,57,60,63,65
Life Science,21,30,33,39,35
Mathematics,50,52,57,54,55
Life Science,7,0,5,10,6
Mathematics,93,89,87,94,99
Physical Sciences,8,0,4,0,4
Isizulu,9,7,0,3,0
Math_Lit,94,93,100,100,100
English,22,17,11,6,0
LO,59,57,52,47,56
Physical Sciences,87,86,94,89,86
Life Science,92,92,88,86,87
Life Science,76,82,84,92,92
Physical Sciences,13,14,21,19,19
Isizulu,66,61,63,70,61
Isizulu,18,23,21,29,33
Isizulu,76,67,59,66,59
Physical Sciences,91,82,89,84,74
Mathematics,36,26,17,20,24
Isizulu,10,6,4,13,20
English,39,33,42,42,47
Isizulu,19,18,9,12,22
Mathematics,28,24,30,35,37
English,14,19,27,34,29
English,0,0,7,2,7
LO,80,82,90,98,100
Physical Sciences,13,3,12,11,5
Math_Lit,20,21,28,19,13
Physical Sciences,24,20,21,20,12
Mathematics,61,67,58,61,64
Physical Sciences,15,17,27,21,20
Math_Lit,73,73,63,54,54
Mathematics,15,5,0,0,3
Math_Lit,81,90,97,91,85
Life Science,29,37,29,30,22
Physical Sciences,90,98,92,88,96
Mathematics,39,49,57,48,44
Mathematics,7,4,3,2,0
LO,24,31,28,18,14
Mathematics,88,93,91,90,96
English,85,83,90,86,87
Physical Sciences,69,64,63,70,79
Physical Sciences,52,52,56,61,51
English,55,51,46,49,46
Mathematics,56,57,62,60,58
Math_Lit,56,56,58,65,64
Isizulu,83,86,78,75,80
Isizulu,9,17,24,30,37
Isizulu,42,50,59,64,74
LO,35,39,44,35,37
Life Science,67,66,65,57,63
Life Science,51,42,49,55,49
Physical Sciences,66,61,62,58,54
Life Science,27,18,20,29,27
LO,84,86,95,91,89
Isizulu,90,95,93,89,98
English,35,33,40,40,34
English,41,50,46,56,61
Life Science,78,76,82,75,80
LO,97,100,100,97,97
English,60,56,63,69,66
Physical Sciences,53,52,61,63,53
English,47,48,47,54,52
Life Science,16,12,5,0,1
LO,23,19,25,30,23
Isizulu,28,38,46,53,53
Mathematics,78,82,87,87,92
Mathematics,40,36,34,37,27
Life Science,11,8,10,13,12
LO,30,25,32,40,36
Physical Sciences,66,59,50,41,50
Mathematics,16,22,25,22,29
LO,62,72,63,55,55
Life Science,62,52,57,66,75
Life Science,74,64,56,48,50
Isizulu,60,60,69,64,66
Physical Sciences,58,56,53,53,44
English,13,17,17,18,10
Physical Sciences,70,61,52,50,52
LO,26,31,33,36,29
Math_Lit,94,100,90,98,100
Life Science,82,74,72,68,71
Life Science,91,96,100,92,85
English,1,0,6,0,0
Life Science,21,21,17,20,11
Mathematics,39,34,33,25,21
Life Science,60,65,64,56,60
Physical Sciences,30,32,31,37,39
English,32,34,25,20,30
Isizulu,39,40,34,25,26
LO,93,92,82,91,87
LO,4,0,1,11,16
Life Science,26,25,27,32,22
Math_Lit,19,22,25,16,20
Math_Lit,18,28,26,18,20
LO,91,88,94,90,86
English,48,54,61,68,76
Isizulu,30,30,30,34,37
Isizulu,17,16,20,21,13
Mathematics,21,16,11,7,14
LO,73,67,57,58,51
Isizulu,45,48,39,39,29
Physical Sciences,2,9,10,13,3
Isizulu,2,12,14,8,17
Physical Sciences,77,78,83,83,89
Isizulu,78,69,69,79,87
Mathematics,27,34,25,25,18
Isizulu,0,3,0,2,0
Physical Sciences,75,80,79,86,95
Life Science,82,83,77,84,94
English,68,61,56,58,68
Isizulu,48,43,48,45,48
Physical Sciences,57,64,58,60,61
Mathematics,83,84,89,79,76
LO,66,61,54,58,60
LO,60,58,55,62,59
Mathematics,3,0,0,4,0
Mathematics,11,6,5,8,6
Isizulu,7,12,7,3,12
Math_Lit,43,42,37,37,41
Mathematics,17,14,24,22,23
English,57,56,63,53,43
English,29,28,21,30,24
English,51,54,62,58,57
Life Science,59,57,64,69,74
Physical Sciences,49,43,40,31,23
Physical Sciences,73,79,87,82,83
Mathematics,29,20,17,16,10
LO,76,85,82,79,81
English,6,1,0,0,0
LO,28,25,32,31,24
Isizulu,26,18,21,11,4
English,10,2,6,14,23
LO,35,34,26,28,19
Isizulu,72,63,61,51,61
English,17,25,27,37,39
Mathematics,87,92,89,80,74
Physical Sciences,49,51,58,53,45
Math_Lit,4,0,0,0,9
Life Science,94,94,85,92,100
Physical Sciences,89,87,90,100,92
Mathematics,2,5,10,19,27
Mathematics,40,49,54,54,60
Mathematics,91,97,90,92,91
English,66,59,52,54,49
Life Science,51,46,37,44,52
English,28,23,19,14,4
Life Science,85,84,81,83,73
Isizulu,83,81,84,78,79
Physical Sciences,52,55,65,59,63
LO,25,20,26,23,13
Math_Lit,50,55,65,59,62
Life Science,75,70,76,68,65
Math_Lit,20,25,18,24,30
LO,9,8,4,0,3
Physical Sciences,65,75,72,78,75
Math_Lit,65,72,78,73,63
Life Science,21,19,13,20,15
Life Science,62,63,61,56,63
Math_Lit,74,73,72,74,65
Life Science,74,82,81,77,79
English,97,87,91,93,89
Life Science,20,20,26,19,19
Mathematics,38,42,52,61,58
Mathematics,74,72,75,66,63
LO,3,3,0,0,0
Mathematics,78,83,82,88,78
Life Science,46,39,37,47,55
English,29,37,29,25,30
LO,63,55,51,59,56
Isizulu,26,22,13,22,19
English,76,80,72,78,83
Isizulu,16,16,24,17,17
Math_Lit,25,27,35,30,28
LO,48,46,37,44,35
English,16,9,4,0,4
LO,22,32,28,37,39
Isizulu,40,49,40,31,29
LO,53,44,35,30,25
Mathematics,54,51,44,47,52
English,61,55,53,44,39
English,8,11,19,10,13
Isizulu,92,98,95,93,92
Life Science,81,90,88,78,85
Life Science,69,73,77,68,72
Physical Sciences,16,21,13,4,7
Math_Lit,95,100,100,100,96
Isizulu,34,44,34,42,49
LO,17,12,3,2,1
Math_Lit,65,59,68,72,72
English,21,23,28,22,16
Mathematics,31,31,41,38,44
English,2,0,10,16,8
Physical Sciences,38,45,35,35,45
English,83,74,83,79,78
English,63,53,61,55,57
Math_Lit,72,82,76,76,75
Mathematics,2,6,5,6,16
Isizulu,77,83,84,75,67
Life Science,24,31,33,24,27
Math_Lit,45,41,46,54,50
Physical Sciences,39,39,39,40,35
LO,99,90,88,81,86
LO,52,48,57,59,64
Math_Lit,47,49,48,51,58
LO,61,59,63,60,62
English,51,49,54,47,51
Mathematics,64,54,49,58,50
Mathematics,90,88,82,74,72
Math_Lit,37,35,38,46,52
Isizulu,50,41,43,33,27
Physical Sciences,56,60,63,57,63
Physical Sciences,13,7,0,0,0
English,57,51,57,54,53
English,9,10,14,20,29
Mathematics,60,65,57,58,57
Life Science,40,33,38,29,27
Isizulu,59,68,66,62,64
Isizulu,57,67,70,74,75
Physical Sciences,7,4,4,14,11
Mathematics,70,73,75,83,85
Life Science,88,90,84,92,100
LO,1,10,5,3,8
Mathematics,64,69,73,64,59
English,56,57,52,44,45
English,78,71,66,75,79
Mathematics,9,11,13,7,0
LO,95,96,92,99,99
Life Science,24,31,32,42,36
English,43,48,52,52,59
English,5,0,0,3,0
Isizulu,60,60,51,48,58
Life Science,80,81,86,86,78
English,32,33,37,38,32
Isizulu,41,42,52,55,65
Mathematics,10,10,7,6,6
English,27,20,28,23,33
Math_Lit,84,90,96,99,100
LO,0,0,6,11,17
Mathematics,69,79,69,67,76
Math_Lit,56,55,64,73,83
Physical Sciences,24,23,23,21,23
Life Science,32,33,39,32,27
Life Science,60,61,68,71,77
English,74,77,82,73,67
Life Science,81,89,84,83,88
Physical Sciences,49,46,56,66,61
LO,16,9,0,0,0
Physical Sciences,22,12,11,13,22
English,1,7,7,4,9
English,74,78,88,80,84
Life Science,13,22,22,13,16
Math_Lit,62,59,61,63,64
Physical Sciences,38,48,55,63,60
LO,99,100,98,91,88
LO,38,40,34,35,30
Physical Sciences,11,20,24,25,31
Math_Lit,65,69,74,76,79
Math_Lit,8,4,7,0,10
LO,14,19,21,28,31
Isizulu,33,43,47,50,51
Isizulu,88,90,99,97,100
LO,33,27,26,33,43
Isizulu,2,8,4,12,11
Physical Sciences,45,40,33,27,35
Math_Lit,53,44,34,32,36
Isizulu,75,80,81,88,85
English,82,72,75,67,66
Mathematics,14,22,28,33,36
Mathematics,89,81,82,84,88
LO,36,30,26,23,28
Physical Sciences,43,41,43,52,56
Life Science,70,65,62,71,68
Life Science,64,70,61,52,46
LO,81,80,72,77,69
English,71,65,74,66,62
Math_Lit,17,25,25,28,21
LO,87,84,78,84,75
LO,28,31,21,22,12
LO,38,28,27,21,26
Isizulu,12,19,12,9,0
Life Science,15,12,17,22,17
Math_Lit,12,6,12,22,15
Isizulu,2,8,0,0,0
Physical Sciences,53,58,59,68,71
Life Science,22,27,17,9,15
LO,25,16,22,19,18
Isizulu,12,15,21,26,26
LO,78,72,67,72,67
Life Science,14,22,15,11,18
English,99,91,84,78,73
Math_Lit,13,4,1,6,0
Isizulu,62,69,60,63,73
Mathematics,98,96,92,95,85
Life Science,29,28,37,35,27
Mathematics,78,74,78,81,90
Life Science,16,10,8,16,17
English,39,48,46,46,41
Mathematics,9,5,0,0,6
Math_Lit,74,65,60,70,62
English,56,59,63,58,59
Life Science,16,15,10,12,5
Math_Lit,24,20,16,9,4
Physical Sciences,40,31,27,27,29
Isizulu,55,60,67,74,68
Isizulu,0,0,2,4,0
Mathematics,12,5,0,0,0
English,21,24,25,25,17
LO,12,15,5,7,15
Math_Lit,6,8,0,0,5
Math_Lit,66,63,56,58,65
LO,96,99,96,100,100
Isizulu,24,23,16,25,33
Mathematics,55,46,36,34,31
Isizulu,88,95,87,92,99
LO,50,44,40,50,55
LO,82,89,89,92,96
LO,23,19,29,25,23
Life Science,73,74,68,65,70
English,81,88,79,75,78
Life Science,43,50,46,36,46
LO,5,0,0,9,10
LO,67,72,69,71,62
LO,89,91,92,83,93
English,89,88,85,89,98
Isizulu,12,22,16,12,18
English,11,7,0,1,0
Math_Lit,88,82,92,95,91
Physical Sciences,22,32,29,35,28
Isizulu,88,82,75,67,64
English,96,98,89,81,82
LO,68,62,53,45,42
Isizulu,95,93,95,100,100
English,37,39,35,31,30
English,50,54,45,37,39
English,19,24,16,8,18
LO,40,43,44,38,28
Life Science,8,16,12,11,11
Isizulu,90,95,98,89,99
Life Science,28,23,14,5,0
Physical Sciences,18,15,8,2,0
Math_Lit,95,88,82,92,92
Math_Lit,16,11,12,12,17
Isizulu,73,81,85,77,77
LO,35,27,32,32,27
Isizulu,26,32,34,44,41
English,40,40,32,35,43
LO,45,42,45,49,57
Life Science,0,9,5,14,13
English,26,32,27,24,17
Mathematics,94,100,90,99,100
English,55,60,50,60,59
Isizulu,32,22,24,29,25
Life Science,53,48,44,35,32
LO,20,19,13,18,17
Life Science,87,78,86,95,85
Mathematics,36,27,20,25,21
LO,92,89,90,86,96
Physical Sciences,99,100,91,91,97
Life Science,82,88,84,90,83
Physical Sciences,76,85,76,86,83
Life Science,47,57,66,63,68
Math_Lit,31,36,37,36,33
Physical Sciences,17,13,4,11,7
Life Science,33,39,36,26,20
Isizulu,85,87,79,75,77
Mathematics,82,81,81,79,71
English,19,9,6,0,7
Physical Sciences,86,89,92,86,89
English,49,51,50,45,54
English,43,34,38,42,41
Math_Lit,13,20,26,16,26
Physical Sciences,31,38,28,26,23
Mathematics,21,30,35,31,34
Math_Lit,35,42,44,34,25
English,7,15,10,13,14
Mathematics,49,48,49,43,36
Physical Sciences,85,91,100,100,100
LO,63,67,57,56,54
LO,68,59,55,53,56
Math_Lit,54,49,58,68,59
English,19,26,29,34,44
English,32,31,30,25,31
Physical Sciences,43,46,43,43,41
English,21,13,6,15,15
Life Science,34,38,41,34,31
LO,13,4,4,0,0
Physical Sciences,47,45,54,59,55
Isizulu,7,0,0,9,5
English,96,100,100,100,100
LO,67,77,82,73,75
Mathematics,70,60,55,57,60
Physical Sciences,7,9,10,12,12
Isizulu,5,0,8,16,7
Physical Sciences,18,11,7,11,20
Mathematics,46,38,40,34,33
Math_Lit,71,62,69,60,66
Mathematics,83,73,75,83,83
Isizulu,41,40,46,49,46
English,75,71,73,83,84
LO,55,61,69,66,60
English,27,17,22,24,20
LO,26,22,21,30,27
Life Science,99,92,98,100,93
Physical Sciences,73,71,63,67,71
Physical Sciences,44,34,42,49,48
Life Science,65,70,77,84,83
LO,91,90,92,82,77
LO,23,14,13,8,6
Isizulu,43,46,44,35,31
Isizulu,97,92,95,86,77
Isizulu,24,19,16,16,12
Mathematics,15,20,11,11,7
Physical Sciences,4,7,17,20,16
Isizulu,23,15,12,18,18
Math_Lit,30,37,36,34,38
English,60,50,50,59,54
Mathematics,84,89,91,87,95
Isizulu,39,43,40,31,23
LO,99,100,94,92,91
English,31,32,24,28,20
Life Science,25,30,39,47,49
LO,28,26,36,46,45
Math_Lit,89,81,91,82,92
English,72,71,77,73,79
Physical Sciences,26,30,27,17,10
Math_Lit,8,5,14,12,5
Isizulu,44,35,38,40,46
English,7,0,8,3,6
LO,55,54,49,57,66
Math_Lit,17,24,27,33,25
LO,11,4,8,13,14
Physical Sciences,98,98,93,91,85
Mathematics,15,25,22,23,19
Isizulu,50,44,37,35,44
Isizulu,10,6,9,0,8
Math_Lit,94,100,95,87,82
Mathematics,82,83,85,88,91
Isizulu,59,52,49,51,42
Life Science,85,91,95,89,81
Physical Sciences,53,53,56,48,57
English,50,55,45,47,43
LO,24,14,4,0,0
Physical Sciences,18,11,12,4,0
Mathematics,60,55,49,43,39
LO,28,28,24,26,17
English,66,60,56,49,51
Physical Sciences,73,69,71,65,72
Isizulu,96,86,89,91,90
Math_Lit,19,21,29,26,22
Life Science,7,2,3,10,16
Mathematics,16,9,10,5,3
Mathematics,96,100,92,87,85
Physical Sciences,58,67,73,79,80
LO,79,70,60,58,54
Math_Lit,96,100,100,97,100
Isizulu,26,16,22,16,11
Mathematics,62,60,61,64,55
Math_Lit,23,24,14,14,4
Mathematics,98,94,85,83,92
English,31,23,20,15,10
Life Science,83,86,90,86,78
Life Science,97,100,90,81,76
English,5,5,11,16,25
Math_Lit,38,31,40,47,50
Isizulu,54,53,60,70,70
English,52,47,46,54,45
LO,77,72,69,62,66
Math_Lit,65,67,68,63,70
Isizulu,95,85,75,73,78
Math_Lit,11,14,23,27,18
Life Science,75,76,81,73,76
Isizulu,46,47,54,64,67
Mathematics,19,9,4,0,4
Math_Lit,33,42,49,47,56
Life Science,75,68,66,65,68
Physical Sciences,52,49,46,50,40
LO,22,29,19,11,18
LO,91,92,86,87,81
Isizulu,84,74,65,68,77
LO,95,90,91,95,96
Isizulu,78,79,78,76,69
Mathematics,81,79,73,77,85
Physical Sciences,68,65,67,65,70
Isizulu,48,44,46,44,53
Physical Sciences,96,98,100,95,100
Life Science,29,34,30,35,44
Mathematics,2,0,2,4,2
Life Science,73,78,79,73,65
English,35,41,36,29,22
Physical Sciences,30,30,35,32,27
Life Science,34,32,25,28,27
Math_Lit,25,33,42,48,43
Life Science,48,44,45,46,43
Physical Sciences,71,67,72,80,81
Mathematics,44,35,38,29,36
English,83,91,96,91,95
English,75,76,86,93,100
Mathematics,52,59,55,49,43
Life Science,49,43,48,52,48
Physical Sciences,71,72,73,83,82
Isizulu,59,68,72,80,86
LO,26,26,24,17,10
Mathematics,22,28,31,28,38
English,25,22,26,27,29
LO,61,61,61,55,64
Mathematics,57,59,67,65,61
Isizulu,1,0,7,8,4
Life Science,10,14,11,5,0
Mathematics,95,100,100,98,88
Math_Lit,54,62,56,46,39
Life Science,72,71,73,82,79
Physical Sciences,82,89,80,90,83
English,24,21,19,9,6
Isizulu,24,27,30,40,41
Life Science,54,64,66,70,78
LO,83,79,84,75,85
Life Science,33,43,47,56,47
LO,35,43,42,38,40
Mathematics,0,0,6,5,0
Physical Sciences,99,100,100,94,95
English,48,56,47,40,39
Isizulu,19,27,19,22,31
English,27,28,31,21,30
Physical Sciences,65,58,64,56,64
Life Science,52,44,48,55,52
Isizulu,38,40,50,44,42
LO,93,88,96,100,100
English,68,78,84,75,66
English,75,69,78,76,69
LO,21,18,18,26,23
Isizulu,50,59,67,73,83
Mathematics,94,99,93,100,100
English,58,48,41,48,51
Math_Lit,79,77,73,69,70
English,47,39,30,38,28
LO,19,17,10,11,9
Isizulu,50,46,50,44,34
LO,62,63,73,70,72
LO,88,94,91,81,84
Life Science,93,92,91,98,96
Isizulu,40,42,50,58,53
LO,21,29,29,36,32
Mathematics,49,48,50,40,31
LO,14,10,20,24,14
Mathematics,65,56,64,73,70
English,39,38,39,34,43
English,93,86,76,72,80
Isizulu,14,18,24,14,15
Math_Lit,48,55,64,57,56
Physical Sciences,42,37,27,34,44
Mathematics,70,69,66,68,62
Mathematics,39,46,36,28,37
Isizulu,36,42,41,41,34
Math_Lit,89,98,95,100,90
Isizulu,28,27,17,11,4
Life Science,6,11,2,11,10
Mathematics,30,38,45,46,51
English,64,61,59,57,67
Isizulu,38,42,33,34,41
Life Science,77,70,79,73,78
Life Science,63,59,53,58,55
Isizulu,74,76,81,84,80
Life Science,70,80,83,91,91
Mathematics,9,13,23,16,14
Math_Lit,9,15,20,26,17
Isizulu,17,15,6,2,0
English,88,91,85,81,74
Physical Sciences,74,70,67,71,68
Math_Lit,85,87,84,89,89
Physical Sciences,40,31,29,30,38
Physical Sciences,91,81,87,79,87
LO,93,94,94,92,97
Physical Sciences,31,34,39,29,35
LO,28,21,18,15,21
Physical Sciences,32,23,28,27,34
Life Science,33,37,29,27,17
Math_Lit,47,57,53,51,55
Math_Lit,93,83,81,91,93
English,14,20,26,29,32
English,41,38,40,48,55
Physical Sciences,47,55,46,36,35
Math_Lit,86,76,82,73,63
English,5,6,8,11,7
English,11,10,5,0,0
English,16,20,26,23,25
Math_Lit,30,30,38,34,43
Isizulu,69,70,70,60,50
Life Science,99,92,100,93,93
Math_Lit,91,90,94,97,98
English,83,78,68,70,61
English,55,57,60,69,71
Math_Lit,23,18,17,10,10
LO,85,90,87,91,88
LO,85,82,85,90,82
Physical Sciences,43,36,33,24,31
English,23,33,42,50,55
Mathematics,82,92,93,92,100
Mathematics,36,46,51,48,42
Physical Sciences,22,26,32,26,33
LO,22,25,35,28,22
Life Science,90,99,100,90,91
Mathematics,13,13,13,19,14
Mathematics,33,39,49,55,62
Math_Lit,15,20,20,15,21
LO,3,0,0,0,0
Isizulu,68,73,79,85,77
LO,27,17,25,22,27
Math_Lit,91,100,100,100,92
LO,39,29,31,31,25
Physical Sciences,56,47,49,45,38
Mathematics,59,53,51,53,46
LO,94,93,100,100,99
Isizulu,33,27,21,13,16
Mathematics,72,81,90,89,90
Math_Lit,40,44,50,48,48
Mathematics,4,9,2,0,1
English,22,21,14,23,14
Life Science,52,49,49,46,51
Isizulu,27,36,33,33,43
Isizulu,33,43,39,46,49
English,33,29,36,46,50
Physical Sciences,69,59,61,58,64
Isizulu,73,77,76,72,77
Physical Sciences,60,52,52,61,69
LO,55,53,52,48,53
Mathematics,99,100,100,98,89
LO,89,99,89,95,87
Physical Sciences,33,43,35,45,37
Mathematics,31,32,31,41,32
Isizulu,52,57,64,68,65
Math_Lit,38,35,41,51,54
Isizulu,22,12,21,19,10
Math_Lit,80,74,73,76,86
English,76,76,84,87,89
Isizulu,40,39,34,30,25
English,40,37,47,49,56
Life Science,25,21,15,17,10
Isizulu,51,46,38,30,31
English,39,38,30,31,39
English,26,26,30,33,39
English,33,32,26,35,29
Isizulu,74,81,86,82,82
English,67,72,80,73,74
Life Science,70,72,75,82,84
Physical Sciences,84,88,81,77,81
Math_Lit,75,83,88,95,99
LO,72,67,61,69,70
English,31,21,29,30,24
English,10,3,7,10,5
Life Science,19,18,10,1,0
Physical Sciences,9,19,23,28,23
LO,47,43,35,30,34
LO,97,100,100,96,98
Math_Lit,9,0,0,8,17
Math_Lit,69,78,87,78,70
Physical Sciences,69,72,75,81,85
LO,44,48,41,37,44
English,36,35,44,34,24
Isizulu,41,32,37,38,42
LO,19,9,7,8,1
Isizulu,69,68,74,70,64
Mathematics,47,37,46,52,49
Physical Sciences,21,22,23,16,17
English,4,0,7,5,14
Life Science,38,28,37,27,25
Math_Lit,72,71,78,69,66
Isizulu,80,78,73,71,69
Life Science,24,20,17,19,12
Mathematics,5,3,4,13,16
Isizulu,8,6,16,18,22
Math_Lit,8,5,2,7,7
Isizulu,9,13,21,14,6
LO,7,16,6,0,0
Math_Lit,91,84,76,83,85
Mathematics,53,50,59,58,58
Isizulu,93,86,80,70,79
Mathematics,33,23,13,14,24
Isizulu,75,83,84,84,86
Math_Lit,97,96,93,92,86
English,58,54,56,61,51
Math_Lit,59,52,43,39,32
Life Science,57,62,60,60,70
English,8,10,1,0,0
Math_Lit,85,85,91,98,88
Physical Sciences,9,8,15,7,7
Isizulu,87,85,76,75,81
Math_Lit,92,88,80,85,76
Physical Sciences,92,85,78,82,73
Life Science,98,100,100,91,100
LO,9,17,14,10,1
Physical Sciences,21,11,1,0,10
Mathematics,68,66,59,60,61
Mathematics,26,34,37,45,52
Mathematics,10,7,3,9,9
Physical Sciences,76,69,60,59,53
Mathematics,72,69,62,58,58
Isizulu,8,2,4,10,1
Isizulu,72,73,70,62,63
Life Science,59,56,64,62,58
Life Science,26,17,11,5,3
Isizulu,71,65,60,64,61
Math_Lit,96,99,92,85,90
Physical Sciences,16,13,6,0,2
Physical Sciences,77,75,72,77,79
Isizulu,10,1,0,0,0
Isizulu,54,51,50,48,47
Mathematics,45,39,39,42,39
Life Science,46,54,56,48,52
English,51,52,49,48,39
Mathematics,79,76,80,71,77
LO,2,0,10,1,0
Mathematics,96,100,97,100,95
Math_Lit,31,32,33,27,29
Physical Sciences,9,13,13,22,26
English,42,48,45,35,39
LO,48,44,41,37,31
Mathematics,39,32,27,30,30
Isizulu,15,23,13,22,14
Math_Lit,43,48,56,49,53
Math_Lit,83,81,74,84,78
Math_Lit,13,12,19,26,23
LO,13,3,0,1,0
Math_Lit,84,90,95,90,99
Mathematics,48,41,42,37,38
Isizulu,58,48,51,46,45
Mathematics,18,9,19,12,7
Mathematics,35,35,42,46,43
LO,82,77,77,85,95
LO,89,86,92,92,96
Math_Lit,88,85,94,90,96
Physical Sciences,47,56,61,54,64
Mathematics,8,0,10,4,8
Math_Lit,50,49,56,53,61
Mathematics,12,8,18,9,0
Math_Lit,65,71,63,70,80
Mathematics,67,65,59,58,66
English,48,44,52,51,45
Isizulu,83,90,94,97,100
LO,10,10,12,4,0
Isizulu,5,9,0,0,0
Math_Lit,27,17,7,16,15
Physical Sciences,34,28,33,23,22
English,14,9,16,25,19
Physical Sciences,8,9,3,0,0
LO,19,16,21,13,22
Physical Sciences,92,86,89,98,100
Physical Sciences,23,32,24,22,14
English,27,29,21,25,24
English,67,67,59,66,68
Math_Lit,85,86,84,75,70
Math_Lit,67,72,64,56,59
Mathematics,33,42,48,45,40
Math_Lit,58,60,70,69,74
Mathematics,60,67,64,63,56
Mathematics,84,75,65,59,55
Math_Lit,61,55,65,63,71
Mathematics,14,24,22,12,15
Life Science,3,0,0,0,4
Life Science,82,88,86,94,100
Isizulu,10,4,0,1,9
LO,31,25,19,10,9
Math_Lit,81,81,75,80,76
Physical Sciences,34,38,47,55,57
Math_Lit,23,18,11,3,4
Math_Lit,86,79,71,67,60
Math_Lit,27,22,22,27,28
Physical Sciences,95,93,93,84,93
Life Science,95,92,89,83,79
Physical Sciences,39,35,31,33,42
Math_Lit,88,93,98,100,100
English,67,71,66,73,64
Life Science,1,0,0,2,0
Math_Lit,95,100,97,93,84
LO,80,87,89,92,84
Physical Sciences,96,96,100,100,95
LO,37,37,43,41,49
Isizulu,88,79,82,87,92
Math_Lit,27,23,20,20,20
Physical Sciences,71,68,71,81,79
Life Science,50,41,51,42,37
Life Science,55,55,45,54,49
Isizulu,74,74,64,65,58
Mathematics,60,51,46,44,51
Math_Lit,32,32,27,25,19
LO,36,33,28,36,31
Isizulu,5,0,9,18,27
Isizulu,5,7,4,0,6
English,62,60,57,53,46
Isizulu,84,81,86,78,79
LO,77,81,79,79,70
Isizulu,92,95,89,93,83
Mathematics,19,21,24,34,27
Mathematics,1,10,5,15,6
English,36,38,39,37,42
Mathematics,50,59,54,51,48
Life Science,6,8,11,16,17
Life Science,84,89,99,99,100
Physical Sciences,50,47,43,41,33
Life Science,15,15,12,7,4
Mathematics,83,75,84,90,83
English,79,79,77,72,74
English,71,65,57,58,49
Physical Sciences,17,14,23,30,31
LO,27,27,20,24,31
English,10,17,18,18,18
Physical Sciences,65,56,51,49,53
Life Science,69,77,80,79,77
Math_Lit,66,76,67,71,80
Life Science,12,8,3,13,5
Isizulu,97,92,90,89,83
Isizulu,47,40,37,38,43
Life Science,36,40,50,47,52
LO,70,76,76,73,78
Isizulu,91,90,81,83,81
Physical Sciences,49,47,50,57,52
